BEGIN;

TRUNCATE
  users,
  accounts, 
  addresses,
  notes,
  contacts
  RESTART IDENTITY CASCADE;
  

INSERT INTO users (id, first_name, last_name, email, password)
VALUES
  (1, 'Marco', 'Friaz', 'marfriaz@gmail.com', '$2a$12$lHK6LVpc15/ZROZcKU00QeiD.RyYq5dVlV/9m4kKYbGibkRc5l4Ne'),
  (2, 'Dwayne', 'Johnson', 'user@gmail.com', '$2a$12$lHK6LVpc15/ZROZcKU00QeiD.RyYq5dVlV/9m4kKYbGibkRc5l4Ne'),
  (3, 'Chris', 'Rock', 'user1@gmail.com', '$2a$12$lHK6LVpc15/ZROZcKU00QeiD.RyYq5dVlV/9m4kKYbGibkRc5l4Ne');


INSERT INTO accounts (user_id, name, stage, website, industry, territory, employee_range, phone, fax, linkedin)
VALUES
(2, 'Wal-Mart', 'sold', 'www.wal-mart.com', 'Food Production', 'NAMER', '10,001+', '464-794-6724', '857-211-3839', 'www.linkedin.com/company/walmart/about'),
  (2, 'Exxon Mobil', 'lead', 'www.exxonmobil.com', 'Computer Software', 'NAMER', '501-1000', '579-843-4416', '977-535-6263', 'www.linkedin.com/company/exxonmobil/about'),
  (1, 'Chevron', 'sold', 'www.chevron.com', 'Nonprofit Organization Management', 'NAMER', '1-10', '950-582-8719', '569-367-6906', 'www.linkedin.com/company/chevron/about'),
  (3, 'Berkshire Hathaway', 'not-interested', 'www.berkshirehathaway.com', 'Marketing & Advertising', 'NAMER', 'Self-employed', '558-274-1950', '630-899-1784', 'www.linkedin.com/company/berkshirehathaway/about'),
  (1, 'Apple', 'sold', 'www.apple.com', 'Industrial Automation', 'NAMER', '11-50', '912-719-7053', '815-380-3916', 'www.linkedin.com/company/apple/about'),
  (2, 'Phillips 66', 'lead', 'www.phillips66.com', 'Pharmaceuticals', 'NAMER', '5001-10,000', '447-436-5301', '217-424-7616', 'www.linkedin.com/company/phillips66/about'),
  (1, 'General Motors', 'lead', 'www.generalmotors.com', 'Investment Banking/Venture', 'NAMER', '201-500', '802-977-9188', '558-802-4240', 'www.linkedin.com/company/generalmotors/about'),
  (3, 'Ford Motor', 'sold', 'www.fordmotor.com', 'Hospitality', 'NAMER', '1001-5000', '201-207-4041', '471-221-0222', 'www.linkedin.com/company/fordmotor/about'),
  (2, 'General Electric', 'not-interested', 'www.generalelectric.com', 'Legal Services', 'NAMER', '1001-5000', '708-280-8013', '937-282-9139', 'www.linkedin.com/company/generalelectric/about'),
  (1, 'Linkedin', 'not-interested', 'www.linkedin.com', 'Automotive', 'NAMER', '51-200', '512-881-7922', '645-842-4248', 'www.linkedin.com/company/linkedin/about'),
  (3, 'AT&T', 'sold', 'www.at&t.com', 'Sports', 'APAC', '11-50', '657-649-6013', '282-504-9862', 'www.linkedin.com/company/at&t/about'),
  (1, 'CVS Caremark', 'lead', 'www.cvscaremark.com', 'Semiconductors', 'APAC', '501-1000', '676-505-8929', '987-203-1810', 'www.linkedin.com/company/cvscaremark/about'),
  (2, 'Fannie Mae', 'lead', 'www.fanniemae.com', 'Facilities & Services', 'APAC', '1001-5000', '300-975-4926', '475-709-8066', 'www.linkedin.com/company/fanniemae/about'),
  (2, 'UnitedHealth Group', 'sold', 'www.unitedhealthgroup.com', 'Public Policy', 'APAC', '1001-5000', '479-616-1243', '683-679-5125', 'www.linkedin.com/company/unitedhealthgroup/about'),
  (1, 'McKesson', 'not-interested', 'www.mckesson.com', 'Professional Training', 'APAC', 'Self-employed', '735-288-9011', '997-507-6981', 'www.linkedin.com/company/mckesson/about'),
  (2, 'Verizon Communications', 'sold', 'www.verizoncommunications.com', 'Maritime', 'APAC', '501-1000', '537-517-4326', '838-577-9848', 'www.linkedin.com/company/verizoncommunications/about'),
  (1, 'Hewlett-Packard', 'not-interested', 'www.hewlett-packard.com', 'Farming', 'APAC', 'Self-employed', '671-933-2393', '793-582-4098', 'www.linkedin.com/company/hewlettpackard/about'),
  (3, 'J.P. Morgan Chase & Co.', 'not-interested', 'www.j.p.morgan chase & co..com', 'Civic & Social Organization', 'APAC', '1-10', '336-768-7908', '962-918-1219', 'www.linkedin.com/company/jp.morgan chase & co./about'),
  (3, 'Costco Wholesale', 'sold', 'www.costcowholesale.com', 'Pharmaceuticals', 'APAC', '5001-10,000', '765-938-8912', '987-212-8031', 'www.linkedin.com/company/costcowholesale/about'),
  (3, 'Express Scripts Holding', 'sold', 'www.expressscripts holding.com', 'Fine Art', 'APAC', '1001-5000', '494-816-4062', '725-783-2713', 'www.linkedin.com/company/expressscripts holding/about'),
  (1, 'Bank of America', 'sold', 'www.bankof america.com', 'Philanthropy', 'NAMER', '1001-5000', '911-961-9235', '203-713-1815', 'www.linkedin.com/company/bankof america/about'),
  (2, 'Cardinal Health', 'not-interested', 'www.cardinalhealth.com', 'Alternative Dispute Resolution', 'NAMER', '51-200', '718-753-7768', '234-631-3610', 'www.linkedin.com/company/cardinalhealth/about'),
  (1, 'International Business Machines', 'not-interested', 'www.internationalbusiness machines.com', 'Law Enforcement', 'NAMER', '1001-5000', '873-889-1238', '757-389-8178', 'www.linkedin.com/company/internationalbusiness machines/about'),
  (1, 'Kroger', 'sold', 'www.kroger.com', 'Sporting Goods', 'NAMER', '501-1000', '309-577-5879', '893-652-6746', 'www.linkedin.com/company/kroger/about'),
  (1, 'Marathon Petroleum', 'sold', 'www.marathonpetroleum.com', 'Health, Wellness & Fitness', 'NAMER', 'Self-employed', '776-507-3968', '445-297-0735', 'www.linkedin.com/company/marathonpetroleum/about'),
  (1, 'Citigroup', 'lead', 'www.citigroup.com', 'Consumer Goods', 'NAMER', '51-200', '382-609-9393', '901-681-2410', 'www.linkedin.com/company/citigroup/about'),
  (3, 'Archer Daniels Midland', 'not-interested', 'www.archerdaniels midland.com', 'Marketing & Advertising', 'NAMER', '1-10', '804-947-1648', '565-355-9368', 'www.linkedin.com/company/archerdaniels midland/about'),
  (3, 'AmerisourceBergen', 'not-interested', 'www.amerisourcebergen.com', 'Building Materials', 'NAMER', '11-50', '754-454-5220', '248-681-8545', 'www.linkedin.com/company/amerisourcebergen/about'),
  (1, 'Wells Fargo', 'not-interested', 'www.wellsfargo.com', 'Human Resources', 'NAMER', '501-1000', '247-587-5311', '276-772-2342', 'www.linkedin.com/company/wellsfargo/about'),
  (3, 'Boeing', 'not-interested', 'www.boeing.com', 'Museums & Institutions', 'NAMER', '5001-10,000', '723-921-8344', '829-491-5773', 'www.linkedin.com/company/boeing/about'),
  (1, 'Procter & Gamble', 'lead', 'www.procter& gamble.com', 'International Trade & Development', 'NAMER', '501-1000', '751-278-8705', '648-827-8739', 'www.linkedin.com/company/procter& gamble/about'),
  (2, 'Freddie Mac', 'sold', 'www.freddiemac.com', 'Glass, Ceramics & Concrete', 'NAMER', 'Self-employed', '201-370-5663', '762-247-8054', 'www.linkedin.com/company/freddiemac/about'),
  (2, 'Home Depot', 'not-interested', 'www.homedepot.com', 'Industrial Automation', 'NAMER', '201-500', '222-943-2597', '787-460-6987', 'www.linkedin.com/company/homedepot/about'),
  (1, 'Microsoft', 'not-interested', 'www.microsoft.com', 'Political Organization', 'NAMER', '201-500', '724-317-5427', '507-432-3527', 'www.linkedin.com/company/microsoft/about'),
  (3, 'Amazon.com', 'sold', 'www.amazon.com.com', 'Insurance', 'NAMER', '51-200', '545-720-7325', '202-615-0068', 'www.linkedin.com/company/amazoncom/about'),
  (1, 'Target', 'sold', 'www.target.com', 'Transportation/Trucking/Railroad', 'APAC', '1-10', '371-482-8272', '331-463-4900', 'www.linkedin.com/company/target/about'),
  (1, 'Walgreen Co.', 'not-interested', 'www.walgreenco..com', 'Venture Capital', 'APAC', '5001-10,000', '930-951-5475', '240-530-4642', 'www.linkedin.com/company/walgreenco/about'),
  (1, 'WellPoint', 'sold', 'www.wellpoint.com', 'Capital Markets', 'APAC', '11-50', '705-410-0686', '840-761-0093', 'www.linkedin.com/company/wellpoint/about'),
  (2, 'Johnson & Johnson', 'not-interested', 'www.johnson& johnson.com', 'International Trade & Development', 'APAC', '51-200', '909-217-8805', '446-525-0936', 'www.linkedin.com/company/johnson& johnson/about'),
  (3, 'American International Group', 'not-interested', 'www.americaninternational group.com', 'Translation & Localization', 'APAC', '10,001+', '897-513-8658', '996-421-9358', 'www.linkedin.com/company/americaninternational group/about'),
  (2, 'State Farm Insurance Cos.', 'lead', 'www.statefarm insurance cos..com', 'Plastics', 'EMEA', '51-200', '503-500-5858', '340-815-1192', 'www.linkedin.com/company/statefarm insurance cos/about'),
  (2, 'MetLife', 'sold', 'www.metlife.com', 'Individual & Family Services', 'EMEA', '201-500', '661-356-2102', '401-470-7643', 'www.linkedin.com/company/metlife/about'),
  (1, 'PepsiCo', 'sold', 'www.pepsico.com', 'Wine & Spirits', 'EMEA', '51-200', '573-775-0794', '562-797-3666', 'www.linkedin.com/company/pepsico/about'),
  (1, 'Comcast', 'not-interested', 'www.comcast.com', 'Management Consulting', 'EMEA', '1001-5000', '744-262-2457', '478-491-4447', 'www.linkedin.com/company/comcast/about'),
  (2, 'United Technologies', 'lead', 'www.unitedtechnologies.com', 'Packaging & Containers', 'EMEA', '201-500', '242-734-6560', '829-356-7904', 'www.linkedin.com/company/unitedtechnologies/about'),
  (1, 'Google', 'not-interested', 'www.google.com', 'Industrial Automation', 'EMEA', '5001-10,000', '624-364-0442', '825-800-2158', 'www.linkedin.com/company/google/about'),
  (2, 'ConocoPhillips', 'sold', 'www.conocophillips.com', 'Transportation/Trucking/Railroad', 'EMEA', '10,001+', '327-457-2645', '639-750-5328', 'www.linkedin.com/company/conocophillips/about'),
  (1, 'Dow Chemical', 'sold', 'www.dowchemical.com', 'Law Enforcement', 'EMEA', '1001-5000', '280-496-1460', '278-965-2990', 'www.linkedin.com/company/dowchemical/about'),
  (1, 'Caterpillar', 'not-interested', 'www.caterpillar.com', 'Banking', 'EMEA', '201-500', '572-375-4759', '528-890-2867', 'www.linkedin.com/company/caterpillar/about'),
  (3, 'Box', 'lead', 'www.box.com', 'Alternative Medicine', 'EMEA', 'Self-employed', '500-908-6137', '382-651-3487', 'www.linkedin.com/company/box/about');



INSERT INTO addresses (account_id, street, city, zip_code, state, country)
VALUES
  (50, '14302 Messerschmidt Way', 'Columbus', '31998', 'Georgia', 'United States'),
  (1, '3 Petterle Terrace', 'Houston', '77281', 'Texas', 'United States'),
  (2,
  '17 Thierer Drive',
  'Winston Salem',
  '27150',
  'North Carolina',
  'United States'),
  (3,
  '84 Mariners Cove Parkway',
  'Philadelphia',
  '19191',
  'Pennsylvania',
  'United States'),
  (4,
  '9403 Londonderry Street',
  'Cincinnati',
  '45208',
  'Ohio',
  'United States'),
  (5,
  '10079 Glendale Center',
  'Minneapolis',
  '55417',
  'Minnesota',
  'United States'),
  (6,
  '15593 Lakewood Gardens Park',
  'Warren',
  '44485',
  'Ohio',
  'United States'),
  (7, '544 Petterle Pass', 'Waco', '76796', 'Texas', 'United States'),
  (8, '62 3rd Court', 'Cincinnati', '45228', 'Ohio', 'United States'),
  (9, '7379 Thompson Place', 'Tacoma', '98405', 'Washington', 'United States'),
  (10, '50 Northport Road', 'Singapore', 'null', 'null', 'Singapore'),
  (11, '8 Sauthoff Plaza', 'Singapore', 'null', 'null', 'Singapore'),
  (12, '5 Golf View Parkway', 'Singapore', 'null', 'null', 'Singapore'),
  (13, '4 Sycamore Pass', 'Singapore', 'null', 'null', 'Singapore'),
  (14, '54208 Trailsway Crossing', 'Singapore', 'null', 'null', 'Singapore'),
  (15, '50157 Dennis Road', 'Kashima-shi', '314-0048', 'null', 'Japan'),
  (16, '104 Buena Vista Plaza', 'Ichinomiya', '941-0056', 'null', 'Japan'),
  (17, '40 Prairieview Avenue', 'Tōkamachi', '949-8612', 'null', 'Japan'),
  (18, '6 Sloan Park', 'Nayoro', '607-8077', 'null', 'Japan'),
  (19, '76 Veith Center', 'Kokubu-matsuki', '584-0024', 'null', 'Japan'),
  (20, '6 Troy Park', 'Peachland', 'B3S', 'British Columbia', 'Canada'),
  (21, '417 Maywood Point', 'Devon', 'T9G', 'Alberta', 'Canada'),
  (22, '7916 Stuart Park', 'Marieville', 'J3M', 'Québec', 'Canada'),
  (23, '5515 Donald Alley', 'Hearst', 'S4A', 'Ontario', 'Canada'),
  (24,
  '17888 Meadow Ridge Center',
  'Kitimat',
  'V8C',
  'British Columbia',
  'Canada'),
  (25, '1545 Homewood Pass', 'Emiliano Zapata', '48892', 'Jalisco', 'Mexico'),
  (26, '0048 Knutson Point', 'Lindavista', '29557', 'Chiapas', 'Mexico'),
  (27, '19 Manufacturers Lane', 'Santa Rosa', '67803', 'Nuevo Leon', 'Mexico'),
  (28,
  '38872 Talisman Street',
  'Benito Juarez',
  '66410',
  'Nuevo Leon',
  'Mexico'),
  (29, '521 Michigan Street', 'Emiliano Zapata', '70805', 'Oaxaca', 'Mexico'),
  (30, '5 Eastlawn Pass', 'Capitão Poço', '68650-000', 'null', 'Brazil'),
  (31, '6 Rusk Way', 'Boa Esperança', '87390-000', 'null', 'Brazil'),
  (32, '6887 Truax Crossing', 'Itatinga', '18690-000', 'null', 'Brazil'),
  (33,
  '48727 Morningstar Trail',
  'Quirinópolis',
  '75860-000',
  'null',
  'Brazil'),
  (34, '1063 Welch Hill', 'Novo Cruzeiro', '39820-000', 'null', 'Brazil'),
  (35, '01675 Stoughton Way', 'Sydney', '1043', 'New South Wales', 'Australia'),
  (36,
  '69905 Green Ridge Road',
  'Adelaide Mail Centre',
  '5869',
  'South Australia',
  'Australia'),
  (37,
  '606 Oak Center',
  'Adelaide Mail Centre',
  '5874',
  'South Australia',
  'Australia'),
  (38,
  '40497 Mosinee Parkway',
  'Sydney',
  '1181',
  'New South Wales',
  'Australia'),
  (39,
  '5 Northview Avenue',
  'Adelaide Mail Centre',
  '5874',
  'South Australia',
  'Australia'),
  (40, '001 Twin Pines Way', 'Granada', '18005', 'Andalucia', 'Spain'),
  (41, '5139 Schlimgen Park', 'Vigo', '36210', 'Galicia', 'Spain'),
  (42,
  '9865 Dexter Road',
  'Sant Cugat Del Valles',
  '08190',
  'Cataluna',
  'Spain'),
  (43,
  '3464 6th Trail',
  'Castellon De La Plana/Castello De La Pla',
  '12005',
  'Comunidad Valenciana',
  'Spain'),
  (44, '66 Upham Trail', 'Palencia', '34005', 'Castilla - Leon', 'Spain'),
  (45, '6 Corscot Drive', 'Muzayri‘', 'null', 'null', 'United Arab Emirates'),
  (46, '959 Debs Court', 'Adh Dhayd', 'null', 'null', 'United Arab Emirates'),
  (47, '88 Colorado Court', 'Sharjah', 'null', 'null', 'United Arab Emirates'),
  (48, '727 Cottonwood Road', 'Dubai', 'null', 'null', 'United Arab Emirates'),
  (49,
  '5255 Rowland Alley',
  'Al Fujayrah',
  'null',
  'null',
  'United Arab Emirates');


INSERT INTO notes (user_id, account_id, text)
VALUES
  (2, 50, 'Nisi suscipit illum itaque error.'),
  (2, 1, 'Et sequi ipsa rem nulla repellat facilis aperiam aperiam.'),
  (3, 2, 'Qui ea facere laudantium quis.'),
  (3, 3, 'Velit rem autem quis veritatis minima.'),
  (3, 4, 'Expedita eum sint debitis qui voluptas et.'),
  (3, 5, 'Sunt assumenda placeat illum porro.'),
  (2, 6, 'Voluptas nisi nostrum quibusdam deleniti repellendus repudiandae.'),
  (1, 7, 'Veniam minima debitis exercitationem sint aperiam nam placeat sit.'),
  (1, 8, 'Necessitatibus voluptas enim suscipit.'),
  (2, 9, 'Voluptatum totam modi non itaque non non reiciendis ut.'),
  (3, 10, 'Numquam earum ut dolore ut quas dolore ipsum ut.'),
  (2, 11, 'Et accusamus non ut sed sequi corporis neque.'),
  (2, 12, 'Voluptatem earum quos voluptatem.'),
  (1, 13, 'Totam eligendi earum voluptatem est officia saepe assumenda quia.'),
  (1, 14, 'Labore ut odit voluptate velit quis libero suscipit aut.'),
  (2, 15, 'Aliquam odit modi dolorum ut.'),
  (1, 16, 'Neque rem dolorem non tenetur.'),
  (1, 17, 'Aut nostrum architecto laborum quasi reiciendis.'),
  (2, 18, 'Consectetur animi aut rerum totam et.'),
  (1, 19, 'Beatae eum deserunt praesentium est nam est architecto.'),
  (3, 20, 'Debitis possimus qui maiores voluptatem.'),
  (1, 21, 'Quo optio omnis omnis vitae laborum error dolorum illum possimus.'),
  (2, 22, 'Aperiam laborum voluptatem ullam corporis.'),
  (3, 23, 'Dignissimos fugiat sed blanditiis blanditiis officiis voluptatem.'),
  (1, 24, 'Sint rerum et omnis totam facilis.'),
  (2, 25, 'Neque et nostrum natus eveniet voluptas expedita qui sapiente ut.'),
  (3, 26, 'Ut consequatur sit et unde ipsa.'),
  (3,
  27,
  'Odio explicabo quia exercitationem ex voluptate odio quam doloribus asperiores.'),
  (3, 28, 'In inventore facilis.'),
  (1, 29, 'Quia quia quae consequatur magni rem.'),
  (3, 30, 'Non nisi tenetur.'),
  (2, 31, 'Sed in ea consequatur reiciendis.'),
  (1, 32, 'Recusandae voluptas culpa odit molestiae sunt enim occaecati.'),
  (3, 33, 'Et consectetur deleniti.'),
  (3, 34, 'Omnis quidem minima et accusamus nisi repellendus corrupti soluta.'),
  (1, 35, 'Aut quis et et rerum exercitationem enim aliquid fuga repudiandae.'),
  (3, 36, 'Cumque quidem recusandae ipsum ea voluptatum.'),
  (1, 37, 'Aut placeat tempore porro velit et.'),
  (3, 38, 'Voluptatibus recusandae molestiae dicta.'),
  (3, 39, 'Fugit amet nulla eius quia sunt repellendus.'),
  (2, 40, 'Ut ut similique porro.'),
  (3, 41, 'Molestiae velit sint autem sint dolorem excepturi quod unde sed.'),
  (2, 42, 'Est odit cum molestiae ut modi eum.'),
  (1, 43, 'Aut rerum sed.'),
  (3, 44, 'Aut dolorem et.'),
  (3, 45, 'Aut sequi quos dignissimos sed.'),
  (1, 46, 'Odit voluptatem ea inventore non quia ut dolor sint rem.'),
  (3,
  47,
  'Non voluptatum similique rem voluptatum repudiandae consequuntur est.'),
  (3, 48, 'Quibusdam quod vel laboriosam laudantium aut.'),
  (3, 49, 'Enim dolores fugit.');


INSERT INTO contacts (user_id, account_id, name, title, phone, email)
VALUES
    (2,
50,
'Oceane Mosciski',
'sales representative',
'977-938-0152',
'cooper52@yahoo.com'),
  (2,
  1,
  'Sallie Goyette',
  'mining engineer',
  '527-290-7427',
  'delpha97@hotmail.com'),
  (3,
  2,
  'Kaylah Ledner',
  'mobile home installer',
  '939-283-8147',
  'lera_mccullough@gmail.com'),
  (2, 3, 'Theodora Witting', 'paperhanger', '406-459-9030', 'eula99@yahoo.com'),
  (1,
  4,
  'Elmer Hermiston',
  'barber',
  '594-844-1775',
  'nicolas_fisher@yahoo.com'),
  (3,
  5,
  'Elza Larson',
  'rental clerk',
  '521-226-1876',
  'francesca_greenfelder36@yahoo.com'),
  (2,
  6,
  'Sid Corwin',
  'short order cook',
  '464-881-2220',
  'hertha_heller84@yahoo.com'),
  (2,
  7,
  'Robb Ryan',
  'government program eligibility interviewer',
  '218-523-9690',
  'robert.mertz@hotmail.com'),
  (3,
  8,
  'Richard Considine',
  'news vendor',
  '915-873-3410',
  'ryder.fahey85@hotmail.com'),
  (3,
  9,
  'Enos Gulgowski',
  'boiler operator',
  '212-527-8864',
  'margarete.crooks@gmail.com'),
  (2,
  10,
  'Enrico Labadie',
  'buyer',
  '581-983-0017',
  'donna_senger60@hotmail.com'),
  (2,
  11,
  'Marques Purdy',
  'molder',
  '338-878-8172',
  'michale_russel@hotmail.com'),
  (3,
  12,
  'Deion Rutherford',
  'woodworker',
  '945-384-8049',
  'barry_kutch@yahoo.com'),
  (3,
  13,
  'Erin Klein',
  'arbitrator',
  '531-266-3778',
  'kraig_harvey80@yahoo.com'),
  (2, 14, 'Zakary Huels', 'travel guide', '977-844-2476', 'kira41@gmail.com'),
  (3, 15, 'Maurice Klein', 'geographer', '460-730-5481', 'lera7@gmail.com'),
  (3,
  16,
  'Nayeli Hartmann',
  'maintenance painter',
  '586-493-2533',
  'tristin_lesch@hotmail.com'),
  (3,
  17,
  'Jeramy Schroeder',
  'apparel worker',
  '997-680-8446',
  'teresa_beatty@hotmail.com'),
  (3,
  18,
  'Retta Schmitt',
  'apparel patternmaker',
  '331-751-4627',
  'gerardo_rosenbaum@hotmail.com'),
  (1,
  19,
  'Justina Herman',
  'building inspector',
  '616-923-7910',
  'kenton61@yahoo.com'),
  (1,
  20,
  'Dewitt Nienow',
  'foreign language teacher',
  '586-660-2516',
  'donald76@gmail.com'),
  (3,
  21,
  'Arden Carroll',
  'air conditioning mechanic',
  '395-940-2565',
  'constantin.renner@hotmail.com'),
  (1,
  22,
  'Desiree Zboncak',
  'law teacher',
  '935-650-4400',
  'yolanda_pacocha@hotmail.com'),
  (3,
  23,
  'Noble Torphy',
  'child social worker',
  '459-577-6634',
  'dora_hayes15@gmail.com'),
  (3,
  24,
  'Mertie Stracke',
  'teacher',
  '490-989-3350',
  'ian_hagenes46@hotmail.com'),
  (3,
  25,
  'Maudie Sporer',
  'tool maker',
  '820-920-9329',
  'vivienne.feil38@yahoo.com'),
  (1,
  26,
  'Napoleon Quigley',
  'insulation worker',
  '895-248-2203',
  'alexie.mann2@gmail.com'),
  (1,
  27,
  'Helmer Lind',
  'forestry teacher',
  '275-633-7238',
  'allene.kovacek71@gmail.com'),
  (2,
  28,
  'Dusty Stehr',
  'paving equipment operator',
  '281-877-5835',
  'elroy48@hotmail.com'),
  (1,
  29,
  'Eden Padberg',
  'emergency management director',
  '242-219-0059',
  'winona69@gmail.com'),
  (1,
  30,
  'Delmer Wolf',
  'precision instrument repairer',
  '827-646-2511',
  'tatum.hermiston@gmail.com'),
  (2,
  31,
  'Myron Walsh',
  'economics teacher',
  '367-632-1744',
  'alvis.sporer66@yahoo.com'),
  (3,
  32,
  'Kiana Hettinger',
  'camera operator',
  '757-302-3057',
  'madaline23@hotmail.com'),
  (3,
  33,
  'Lucie Kuphal',
  'respiratory therapy technician',
  '814-576-3206',
  'rasheed53@hotmail.com'),
  (1,
  34,
  'Andreanne Reilly',
  'mental health counselor',
  '674-235-5965',
  'maxine.monahan40@hotmail.com'),
  (3,
  35,
  'Megane Abshire',
  'billing and posting clerk',
  '222-902-4580',
  'gino41@hotmail.com'),
  (2, 36, 'Brianne Von', 'paralegal', '466-913-0381', 'gabriel87@gmail.com'),
  (2,
  37,
  'Carroll Beier',
  'manicurist',
  '928-446-0692',
  'melisa_dibbert@hotmail.com'),
  (2,
  38,
  'Golden Haley',
  'expediting clerk',
  '981-455-3523',
  'fredrick_christiansen77@hotmail.com'),
  (2,
  39,
  'Viviane Kris',
  'advertising manager',
  '895-917-0195',
  'leonor_ryan76@gmail.com'),
  (2,
  40,
  'Angie Daniel',
  'rock splitter',
  '269-230-8979',
  'santino_kris@hotmail.com'),
  (1,
  41,
  'Esmeralda Pacocha',
  'title searcher',
  '967-634-1804',
  'reymundo_beatty@yahoo.com'),
  (1,
  42,
  'Kamille Kunze',
  'art teacher',
  '263-622-1696',
  'lucie_heathcote@hotmail.com'),
  (3,
  43,
  'Candace Mohr',
  'middle school teacher',
  '596-243-7521',
  'arturo28@gmail.com'),
  (3,
  44,
  'Norma Schroeder',
  'structural metal fitter',
  '342-884-7635',
  'cruz37@yahoo.com'),
  (2,
  45,
  'Ansel Abshire',
  'mechanical drafter',
  '224-244-1202',
  'eden_beahan@gmail.com'),
  (1, 46, 'Brain Senger', 'metal pourer', '437-361-8811', 'eldora47@yahoo.com'),
  (3,
  47,
  'Eulah Bernier',
  'petroleum gauger',
  '415-279-2529',
  'ericka.willms@gmail.com'),
  (3,
  48,
  'Melody Ruecker',
  'cost estimator',
  '473-376-9108',
  'luis62@gmail.com'),
  (3,
  49,
  'Carmen Franecki',
  'tank car loader',
  '873-613-6030',
  'dawson_hintz91@yahoo.com');

COMMIT;
